{"best/epoch": 0, "best/precision": 0.012220344502513842, "best/recall": 0.04049586776859504, "best/mAP_0.5": 0.003478217152838563, "best/mAP_0.5:0.95": 0.0006534837301110407, "Labels": {"_type": "images/separated", "width": 1600, "height": 1600, "format": "jpg", "count": 2, "filenames": ["media/images/Labels_0_0.jpg", "media/images/Labels_0_1.jpg"], "captions": ["labels.jpg", "labels_correlogram.jpg"]}, "train/box_loss": 0.12220035493373871, "train/obj_loss": 0.05035722628235817, "train/cls_loss": 0.0, "metrics/precision": 0.012220344502513842, "metrics/recall": 0.04049586776859504, "metrics/mAP_0.5": 0.003478217152838563, "metrics/mAP_0.5:0.95": 0.0006534837301110407, "val/box_loss": 0.11400123685598373, "val/obj_loss": 0.05580858513712883, "val/cls_loss": 0.0, "x/lr0": 0.0008, "x/lr1": 0.0008, "x/lr2": 0.09280000000000001, "_timestamp": 1647795501, "_runtime": 105, "_step": 0, "_wandb": {"runtime": 109}}