{"best/epoch": 2, "best/precision": 0.8071209642234393, "best/recall": 0.6245383301266858, "best/mAP_0.5": 0.7446100542205029, "best/mAP_0.5:0.95": 0.48970853598005754, "Labels": {"_type": "images/separated", "width": 1600, "height": 1600, "format": "jpg", "count": 2, "filenames": ["media/images/Labels_0_0.jpg", "media/images/Labels_0_1.jpg"], "captions": ["labels.jpg", "labels_correlogram.jpg"]}, "train/box_loss": 0.04502782225608826, "train/obj_loss": 0.06487545371055603, "train/cls_loss": 0.01670142635703087, "metrics/precision": 0.8068792377081985, "metrics/recall": 0.6236171220681205, "metrics/mAP_0.5": 0.7448088957856901, "metrics/mAP_0.5:0.95": 0.48840780151859836, "val/box_loss": 0.040015947073698044, "val/obj_loss": 0.0360800102353096, "val/cls_loss": 0.00843886286020279, "x/lr0": 0.000782, "x/lr1": 0.000782, "x/lr2": 0.077782, "BoundingBoxDebugger": {"_type": "images/separated", "width": 672, "height": 448, "format": "png", "count": 16, "filenames": ["media/images/BoundingBoxDebugger_2_0.png", "media/images/BoundingBoxDebugger_2_1.png", "media/images/BoundingBoxDebugger_2_2.png", "media/images/BoundingBoxDebugger_2_3.png", "media/images/BoundingBoxDebugger_2_4.png", "media/images/BoundingBoxDebugger_2_5.png", "media/images/BoundingBoxDebugger_2_6.png", "media/images/BoundingBoxDebugger_2_7.png", "media/images/BoundingBoxDebugger_2_8.png", "media/images/BoundingBoxDebugger_2_9.png", "media/images/BoundingBoxDebugger_2_10.png", "media/images/BoundingBoxDebugger_2_11.png", "media/images/BoundingBoxDebugger_2_12.png", "media/images/BoundingBoxDebugger_2_13.png", "media/images/BoundingBoxDebugger_2_14.png", "media/images/BoundingBoxDebugger_2_15.png"], "captions": ["000000000357.jpg", "000000000472.jpg", "000000000597.jpg", "000000000338.jpg", "000000000428.jpg", "000000000431.jpg", "000000000491.jpg", "000000000488.jpg", "000000000599.jpg", "000000000109.jpg", "000000000247.jpg", "000000000359.jpg", "000000000034.jpg", "000000000540.jpg", "000000000081.jpg", "000000000025.jpg"], "all_boxes": [{"predictions": {"_type": "boxes2D", "path": "media/metadata/boxes2D/BoundingBoxDebugger_2_00.boxes2D.json", "sha256": "0151f36725c91abf57428ce5de93177a2d6c50df1a899181e781e4c3d5669c31", "size": 73663}}, {"predictions": {"_type": "boxes2D", "path": "media/metadata/boxes2D/BoundingBoxDebugger_2_10.boxes2D.json", "sha256": "c87626954f0da34494ce85a9f6659a36e16edbf72f5e6ade92c1193f4b137d5b", "size": 5681}}, {"predictions": {"_type": "boxes2D", "path": "media/metadata/boxes2D/BoundingBoxDebugger_2_20.boxes2D.json", "sha256": "cd5a276116dc95dfa7e4b31ce361b713005678545815d3945c298062bb4f542b", "size": 73767}}, {"predictions": {"_type": "boxes2D", "path": "media/metadata/boxes2D/BoundingBoxDebugger_2_30.boxes2D.json", "sha256": "57e8dd89c7ba04fd591536b9dd64a641b9b1f52349e4a55663a9a603dc80e6ae", "size": 72952}}, {"predictions": {"_type": "boxes2D", "path": "media/metadata/boxes2D/BoundingBoxDebugger_2_40.boxes2D.json", "sha256": "115e8d21e09d0cb3f072cc2eefdb137a9507bb9757beb6378515a7d228e9439f", "size": 30595}}, {"predictions": {"_type": "boxes2D", "path": "media/metadata/boxes2D/BoundingBoxDebugger_2_50.boxes2D.json", "sha256": "61ea488ab02d2d1320cb4b5dfa31b5ad78b7fc175b6fb827bbcf6b1eb33586ec", "size": 8196}}, {"predictions": {"_type": "boxes2D", "path": "media/metadata/boxes2D/BoundingBoxDebugger_2_60.boxes2D.json", "sha256": "b28c72e81ae821bfd0d49ea85e3bf5b1869cbb984a92ab69241ca2f87a5447ac", "size": 25622}}, {"predictions": {"_type": "boxes2D", "path": "media/metadata/boxes2D/BoundingBoxDebugger_2_70.boxes2D.json", "sha256": "c26be3b8b77796208d9cd55916e0fff3380006e807834bdc52d022fdee59512f", "size": 74068}}, {"predictions": {"_type": "boxes2D", "path": "media/metadata/boxes2D/BoundingBoxDebugger_2_80.boxes2D.json", "sha256": "380b9107cd5e95201ef3db10deb2e357f125fcaf4a407cb201a5551c510893e4", "size": 30980}}, {"predictions": {"_type": "boxes2D", "path": "media/metadata/boxes2D/BoundingBoxDebugger_2_90.boxes2D.json", "sha256": "f1651fbae944c79d2d9c4c00c3bd698bd52cf299c9d41d8c1c290d223e9a73e5", "size": 72838}}, {"predictions": {"_type": "boxes2D", "path": "media/metadata/boxes2D/BoundingBoxDebugger_2_100.boxes2D.json", "sha256": "42a803aea789bc3aa7923c45acb2cbaadf06e9a24da8099dcb91a3aa4a14ba25", "size": 72805}}, {"predictions": {"_type": "boxes2D", "path": "media/metadata/boxes2D/BoundingBoxDebugger_2_110.boxes2D.json", "sha256": "34c7435be1ca384e1d28c74d74a4755227da34d5c683ab8573875ee8e9c236d8", "size": 20107}}, {"predictions": {"_type": "boxes2D", "path": "media/metadata/boxes2D/BoundingBoxDebugger_2_120.boxes2D.json", "sha256": "23dec8183b7d910a539817965a994e25d4de10ba68bf6a8f0b52fbda2d4ceabe", "size": 2084}}, {"predictions": {"_type": "boxes2D", "path": "media/metadata/boxes2D/BoundingBoxDebugger_2_130.boxes2D.json", "sha256": "36607e7e63b92646a18fe6e67dc0b6aa4b981c58c8d685736f0f941a584e829e", "size": 72018}}, {"predictions": {"_type": "boxes2D", "path": "media/metadata/boxes2D/BoundingBoxDebugger_2_140.boxes2D.json", "sha256": "99e9579b2af46bc6401e737b34e07b3b4d8a9e7bb99563c3d9e8a519a3bd474f", "size": 2328}}, {"predictions": {"_type": "boxes2D", "path": "media/metadata/boxes2D/BoundingBoxDebugger_2_150.boxes2D.json", "sha256": "15b00880411f03a7f9efdf997d18d773f4b38822e96dac70a0196195ae332440", "size": 7365}}]}, "_timestamp": 1647118047, "_runtime": 179, "_step": 3, "Mosaics": {"_type": "images/separated", "width": 1920, "height": 1920, "format": "jpg", "count": 3, "filenames": ["media/images/Mosaics_1_0.jpg", "media/images/Mosaics_1_1.jpg", "media/images/Mosaics_1_2.jpg"], "captions": ["train_batch0.jpg", "train_batch1.jpg", "train_batch2.jpg"]}, "Validation": {"_type": "images/separated", "width": 1920, "height": 1280, "format": "jpg", "count": 6, "filenames": ["media/images/Validation_3_0.jpg", "media/images/Validation_3_1.jpg", "media/images/Validation_3_2.jpg", "media/images/Validation_3_3.jpg", "media/images/Validation_3_4.jpg", "media/images/Validation_3_5.jpg"], "captions": ["val_batch0_labels.jpg", "val_batch0_pred.jpg", "val_batch1_labels.jpg", "val_batch1_pred.jpg", "val_batch2_labels.jpg", "val_batch2_pred.jpg"]}, "Results": {"_type": "images/separated", "width": 2400, "height": 1200, "format": "png", "count": 6, "filenames": ["media/images/Results_3_0.png", "media/images/Results_3_1.png", "media/images/Results_3_2.png", "media/images/Results_3_3.png", "media/images/Results_3_4.png", "media/images/Results_3_5.png"], "captions": ["results.png", "confusion_matrix.png", "F1_curve.png", "PR_curve.png", "P_curve.png", "R_curve.png"]}, "_wandb": {"runtime": 180}}