{"box_data": [{"position": {"minX": 39.57341003417969, "minY": 86.88058471679688, "maxX": 120.49531555175781, "maxY": 122.00433349609375}, "class_id": 0, "box_caption": "car 0.958", "scores": {"class_score": 0.9576585292816162}, "domain": "pixel"}, {"position": {"minX": 34.70265197753906, "minY": 75.75042724609375, "maxX": 126.19107055664062, "maxY": 131.4735565185547}, "class_id": 0, "box_caption": "car 0.009", "scores": {"class_score": 0.008838333189487457}, "domain": "pixel"}, {"position": {"minX": -49.103843688964844, "minY": 2.0775070190429688, "maxX": 208.61325073242188, "maxY": 224.28826904296875}, "class_id": 0, "box_caption": "car 0.008", "scores": {"class_score": 0.007563397753983736}, "domain": "pixel"}], "class_labels": {"0": "car"}}