{"box_data": [{"position": {"minX": 39.46249008178711, "minY": 87.52867126464844, "maxX": 121.39631652832031, "maxY": 122.05580139160156}, "class_id": 0, "box_caption": "car 0.962", "scores": {"class_score": 0.962424635887146}, "domain": "pixel"}, {"position": {"minX": -56.9080810546875, "minY": -5.873054504394531, "maxX": 216.33108520507812, "maxY": 233.0660400390625}, "class_id": 0, "box_caption": "car 0.006", "scores": {"class_score": 0.005912015214562416}, "domain": "pixel"}, {"position": {"minX": 34.47952651977539, "minY": 76.30975341796875, "maxX": 128.00938415527344, "maxY": 131.15231323242188}, "class_id": 0, "box_caption": "car 0.004", "scores": {"class_score": 0.003849102882668376}, "domain": "pixel"}, {"position": {"minX": 246.8580322265625, "minY": 234.07130432128906, "maxX": 259.0814514160156, "maxY": 270.2456970214844}, "class_id": 0, "box_caption": "car 0.001", "scores": {"class_score": 0.001091239508241415}, "domain": "pixel"}], "class_labels": {"0": "car"}}