{"box_data": [{"position": {"minX": 39.94152069091797, "minY": 87.83521270751953, "maxX": 121.99268341064453, "maxY": 122.26641082763672}, "class_id": 0, "box_caption": "car 0.958", "scores": {"class_score": 0.9577710628509521}, "domain": "pixel"}, {"position": {"minX": -53.02195739746094, "minY": -1.724151611328125, "maxX": 213.2054901123047, "maxY": 228.85101318359375}, "class_id": 0, "box_caption": "car 0.007", "scores": {"class_score": 0.006547801196575165}, "domain": "pixel"}, {"position": {"minX": 35.22195053100586, "minY": 77.17240905761719, "maxX": 127.50302124023438, "maxY": 131.4724884033203}, "class_id": 0, "box_caption": "car 0.006", "scores": {"class_score": 0.00577247841283679}, "domain": "pixel"}, {"position": {"minX": -133.86578369140625, "minY": -24.5228271484375, "maxX": 265.73486328125, "maxY": 254.952880859375}, "class_id": 0, "box_caption": "car 0.001", "scores": {"class_score": 0.001049788435921073}, "domain": "pixel"}], "class_labels": {"0": "car"}}