{"box_data": [{"position": {"minX": 204.9556427001953, "minY": 158.69863891601562, "maxX": 293.90252685546875, "maxY": 207.38229370117188}, "class_id": 0, "box_caption": "car 0.928", "scores": {"class_score": 0.9279981255531311}, "domain": "pixel"}, {"position": {"minX": 431.2814025878906, "minY": 109.65804290771484, "maxX": 450.9665222167969, "maxY": 135.95193481445312}, "class_id": 0, "box_caption": "car 0.143", "scores": {"class_score": 0.14271865785121918}, "domain": "pixel"}, {"position": {"minX": 172.63121032714844, "minY": 126.74217987060547, "maxX": 320.23712158203125, "maxY": 231.41323852539062}, "class_id": 0, "box_caption": "car 0.025", "scores": {"class_score": 0.02548844739794731}, "domain": "pixel"}, {"position": {"minX": 425.68829345703125, "minY": 104.52983093261719, "maxX": 453.3092041015625, "maxY": 135.7279510498047}, "class_id": 0, "box_caption": "car 0.004", "scores": {"class_score": 0.004146147519350052}, "domain": "pixel"}], "class_labels": {"0": "car"}}