{"box_data": [{"position": {"minX": 205.0141143798828, "minY": 158.8252716064453, "maxX": 293.9222412109375, "maxY": 207.42481994628906}, "class_id": 0, "box_caption": "car 0.928", "scores": {"class_score": 0.9275669455528259}, "domain": "pixel"}, {"position": {"minX": 431.1582946777344, "minY": 109.74563598632812, "maxX": 450.7393493652344, "maxY": 136.12953186035156}, "class_id": 0, "box_caption": "car 0.143", "scores": {"class_score": 0.14306877553462982}, "domain": "pixel"}, {"position": {"minX": 172.63670349121094, "minY": 126.73333740234375, "maxX": 320.31512451171875, "maxY": 231.4395751953125}, "class_id": 0, "box_caption": "car 0.025", "scores": {"class_score": 0.02530483715236187}, "domain": "pixel"}, {"position": {"minX": 425.648193359375, "minY": 104.2249755859375, "maxX": 453.3729248046875, "maxY": 135.91851806640625}, "class_id": 0, "box_caption": "car 0.004", "scores": {"class_score": 0.004201685544103384}, "domain": "pixel"}], "class_labels": {"0": "car"}}