{"box_data": [{"position": {"minX": 205.05780029296875, "minY": 158.7229766845703, "maxX": 293.7719421386719, "maxY": 207.4594268798828}, "class_id": 0, "box_caption": "car 0.928", "scores": {"class_score": 0.9277578592300415}, "domain": "pixel"}, {"position": {"minX": 431.2505798339844, "minY": 109.48728942871094, "maxX": 451.1117248535156, "maxY": 135.83816528320312}, "class_id": 0, "box_caption": "car 0.199", "scores": {"class_score": 0.1992371827363968}, "domain": "pixel"}, {"position": {"minX": 172.44451904296875, "minY": 126.55436706542969, "maxX": 320.36041259765625, "maxY": 231.7106475830078}, "class_id": 0, "box_caption": "car 0.025", "scores": {"class_score": 0.025210781022906303}, "domain": "pixel"}, {"position": {"minX": 429.2962951660156, "minY": 102.5843505859375, "maxX": 454.6800842285156, "maxY": 139.0642547607422}, "class_id": 0, "box_caption": "car 0.006", "scores": {"class_score": 0.006099481601268053}, "domain": "pixel"}], "class_labels": {"0": "car"}}