{"box_data": [{"position": {"minX": 213.8370361328125, "minY": 21.263593673706055, "maxX": 257.0228576660156, "maxY": 72.65935516357422}, "class_id": 0, "box_caption": "car 0.923", "scores": {"class_score": 0.9227832555770874}, "domain": "pixel"}, {"position": {"minX": 142.07115173339844, "minY": -41.35521697998047, "maxX": 331.3873291015625, "maxY": 135.65304565429688}, "class_id": 0, "box_caption": "car 0.008", "scores": {"class_score": 0.008221250027418137}, "domain": "pixel"}, {"position": {"minX": 514.2656860351562, "minY": 140.5639190673828, "maxX": 533.7341918945312, "maxY": 162.8435821533203}, "class_id": 0, "box_caption": "car 0.004", "scores": {"class_score": 0.003624766832217574}, "domain": "pixel"}, {"position": {"minX": 508.6253356933594, "minY": 140.0664520263672, "maxX": 540.2286376953125, "maxY": 162.3688507080078}, "class_id": 0, "box_caption": "car 0.003", "scores": {"class_score": 0.00282201636582613}, "domain": "pixel"}], "class_labels": {"0": "car"}}