{"box_data": [{"position": {"minX": 120.66291809082031, "minY": 12.872303009033203, "maxX": 202.7157440185547, "maxY": 89.28939819335938}, "class_id": 0, "box_caption": "car 0.977", "scores": {"class_score": 0.9770203828811646}, "domain": "pixel"}, {"position": {"minX": 284.76507568359375, "minY": 202.28631591796875, "maxX": 383.3177490234375, "maxY": 271.8540954589844}, "class_id": 0, "box_caption": "car 0.001", "scores": {"class_score": 0.001335190492682159}, "domain": "pixel"}], "class_labels": {"0": "car"}}