{"box_data": [{"position": {"minX": 119.94078063964844, "minY": 12.716815948486328, "maxX": 207.14967346191406, "maxY": 88.529052734375}, "class_id": 0, "box_caption": "car 0.952", "scores": {"class_score": 0.9522379040718079}, "domain": "pixel"}, {"position": {"minX": 103.38743591308594, "minY": 5.6731109619140625, "maxX": 214.9903106689453, "maxY": 108.69296264648438}, "class_id": 0, "box_caption": "car 0.006", "scores": {"class_score": 0.005999090615659952}, "domain": "pixel"}, {"position": {"minX": 291.42730712890625, "minY": 205.22166442871094, "maxX": 380.96142578125, "maxY": 266.45001220703125}, "class_id": 0, "box_caption": "car 0.001", "scores": {"class_score": 0.0014397719642147422}, "domain": "pixel"}], "class_labels": {"0": "car"}}