{"box_data": [{"position": {"minX": 121.15914916992188, "minY": 12.270565032958984, "maxX": 203.36703491210938, "maxY": 89.12918090820312}, "class_id": 0, "box_caption": "car 0.942", "scores": {"class_score": 0.9419853091239929}, "domain": "pixel"}, {"position": {"minX": 293.5499267578125, "minY": 204.0706787109375, "maxX": 386.1314697265625, "maxY": 273.0379333496094}, "class_id": 0, "box_caption": "car 0.002", "scores": {"class_score": 0.0018133905250579119}, "domain": "pixel"}], "class_labels": {"0": "car"}}