{"box_data": [{"position": {"minX": 213.44895935058594, "minY": 21.501651763916016, "maxX": 256.51556396484375, "maxY": 72.61874389648438}, "class_id": 0, "box_caption": "car 0.951", "scores": {"class_score": 0.951310932636261}, "domain": "pixel"}, {"position": {"minX": 145.78408813476562, "minY": -38.4249153137207, "maxX": 327.00701904296875, "maxY": 133.36514282226562}, "class_id": 0, "box_caption": "car 0.008", "scores": {"class_score": 0.007552902214229107}, "domain": "pixel"}], "class_labels": {"0": "car"}}