{"box_data": [{"position": {"minX": 215.8770751953125, "minY": 19.930036544799805, "maxX": 257.68414306640625, "maxY": 74.33517456054688}, "class_id": 0, "box_caption": "car 0.888", "scores": {"class_score": 0.8876774311065674}, "domain": "pixel"}, {"position": {"minX": 134.73406982421875, "minY": -56.257850646972656, "maxX": 340.52978515625, "maxY": 149.17474365234375}, "class_id": 0, "box_caption": "car 0.009", "scores": {"class_score": 0.008530762977898121}, "domain": "pixel"}, {"position": {"minX": 529.0301513671875, "minY": 221.87478637695312, "maxX": 590.4642333984375, "maxY": 263.96917724609375}, "class_id": 0, "box_caption": "car 0.001", "scores": {"class_score": 0.0011652907123789191}, "domain": "pixel"}, {"position": {"minX": 170.9775848388672, "minY": 20.890106201171875, "maxX": 179.2069854736328, "maxY": 27.038768768310547}, "class_id": 0, "box_caption": "car 0.001", "scores": {"class_score": 0.001016253256238997}, "domain": "pixel"}], "class_labels": {"0": "car"}}