{"box_data": [{"position": {"minX": 214.79656982421875, "minY": 20.79722785949707, "maxX": 256.37017822265625, "maxY": 73.3922119140625}, "class_id": 0, "box_caption": "car 0.967", "scores": {"class_score": 0.9669330716133118}, "domain": "pixel"}, {"position": {"minX": 144.92007446289062, "minY": -41.36951446533203, "maxX": 327.8848571777344, "maxY": 136.62442016601562}, "class_id": 0, "box_caption": "car 0.007", "scores": {"class_score": 0.006563532166182995}, "domain": "pixel"}], "class_labels": {"0": "car"}}