{"box_data": [{"position": {"minX": 118.79081726074219, "minY": 14.464656829833984, "maxX": 203.12599182128906, "maxY": 89.02430725097656}, "class_id": 0, "box_caption": "car 0.946", "scores": {"class_score": 0.9459570646286011}, "domain": "pixel"}, {"position": {"minX": 100.2698745727539, "minY": 8.769584655761719, "maxX": 213.2528076171875, "maxY": 105.96836853027344}, "class_id": 0, "box_caption": "car 0.011", "scores": {"class_score": 0.011333946138620377}, "domain": "pixel"}], "class_labels": {"0": "car"}}