{"box_data": [{"position": {"minX": 213.86251831054688, "minY": 20.92935562133789, "maxX": 256.53033447265625, "maxY": 72.51300048828125}, "class_id": 0, "box_caption": "car 0.952", "scores": {"class_score": 0.9516909122467041}, "domain": "pixel"}, {"position": {"minX": 140.75030517578125, "minY": -44.02131271362305, "maxX": 332.36431884765625, "maxY": 138.89527893066406}, "class_id": 0, "box_caption": "car 0.007", "scores": {"class_score": 0.006862495094537735}, "domain": "pixel"}], "class_labels": {"0": "car"}}