{"box_data": [{"position": {"minX": 215.33200073242188, "minY": 21.22640609741211, "maxX": 256.615966796875, "maxY": 73.01800537109375}, "class_id": 0, "box_caption": "car 0.964", "scores": {"class_score": 0.9641498923301697}, "domain": "pixel"}, {"position": {"minX": 142.78564453125, "minY": -42.39164352416992, "maxX": 330.4781188964844, "maxY": 137.87496948242188}, "class_id": 0, "box_caption": "car 0.006", "scores": {"class_score": 0.006440496072173119}, "domain": "pixel"}], "class_labels": {"0": "car"}}