{"box_data": [{"position": {"minX": 120.26097106933594, "minY": 13.778724670410156, "maxX": 205.0473175048828, "maxY": 90.0379409790039}, "class_id": 0, "box_caption": "car 0.974", "scores": {"class_score": 0.9736520051956177}, "domain": "pixel"}, {"position": {"minX": 101.62272644042969, "minY": 5.336452484130859, "maxX": 214.79249572753906, "maxY": 107.74638366699219}, "class_id": 0, "box_caption": "car 0.004", "scores": {"class_score": 0.004084669053554535}, "domain": "pixel"}], "class_labels": {"0": "car"}}