{"box_data": [{"position": {"minX": 119.0899887084961, "minY": 12.048229217529297, "maxX": 204.66934204101562, "maxY": 89.93002319335938}, "class_id": 0, "box_caption": "car 0.976", "scores": {"class_score": 0.9762414693832397}, "domain": "pixel"}, {"position": {"minX": 283.3205261230469, "minY": 203.52528381347656, "maxX": 386.7266540527344, "maxY": 272.25714111328125}, "class_id": 0, "box_caption": "car 0.001", "scores": {"class_score": 0.0011648018844425678}, "domain": "pixel"}], "class_labels": {"0": "car"}}