{"box_data": [{"position": {"minX": 218.23403930664062, "minY": 174.1703338623047, "maxX": 258.5704040527344, "maxY": 211.65342712402344}, "class_id": 0, "box_caption": "car 0.951", "scores": {"class_score": 0.9505077600479126}, "domain": "pixel"}, {"position": {"minX": 296.49688720703125, "minY": 239.35850524902344, "maxX": 313.1492919921875, "maxY": 260.46954345703125}, "class_id": 0, "box_caption": "car 0.881", "scores": {"class_score": 0.8810479044914246}, "domain": "pixel"}, {"position": {"minX": 215.87388610839844, "minY": 168.46444702148438, "maxX": 265.3833312988281, "maxY": 220.81521606445312}, "class_id": 0, "box_caption": "car 0.013", "scores": {"class_score": 0.012647230178117752}, "domain": "pixel"}, {"position": {"minX": 111.625, "minY": 65.295654296875, "maxX": 362.9050598144531, "maxY": 346.382080078125}, "class_id": 0, "box_caption": "car 0.004", "scores": {"class_score": 0.004207096062600613}, "domain": "pixel"}], "class_labels": {"0": "car"}}