{"box_data": [{"position": {"minX": 39.108116149902344, "minY": 86.97721099853516, "maxX": 121.69879913330078, "maxY": 122.34935760498047}, "class_id": 0, "box_caption": "car 0.913", "scores": {"class_score": 0.9126399159431458}, "domain": "pixel"}, {"position": {"minX": 33.45711898803711, "minY": 76.83763885498047, "maxX": 129.4326934814453, "maxY": 134.53192138671875}, "class_id": 0, "box_caption": "car 0.031", "scores": {"class_score": 0.031100831925868988}, "domain": "pixel"}, {"position": {"minX": -39.13884735107422, "minY": 12.513092041015625, "maxX": 199.8330078125, "maxY": 206.8819580078125}, "class_id": 0, "box_caption": "car 0.011", "scores": {"class_score": 0.01057763397693634}, "domain": "pixel"}], "class_labels": {"0": "car"}}