{"best/epoch": 3, "best/precision": 0.24674350598778375, "best/recall": 0.2555391432791728, "best/mAP_0.5": 0.16636570650561888, "best/mAP_0.5:0.95": 0.033271894777710934, "Labels": {"_type": "images/separated", "width": 1600, "height": 1600, "format": "jpg", "count": 2, "filenames": ["media/images/Labels_0_0.jpg", "media/images/Labels_0_1.jpg"], "captions": ["labels.jpg", "labels_correlogram.jpg"]}, "train/box_loss": 0.09625131636857986, "train/obj_loss": 0.06104787811636925, "train/cls_loss": 0.0, "metrics/precision": 0.24674350598778375, "metrics/recall": 0.2555391432791728, "metrics/mAP_0.5": 0.16636570650561888, "metrics/mAP_0.5:0.95": 0.033271894777710934, "val/box_loss": 0.08873635530471802, "val/obj_loss": 0.06276082247495651, "val/cls_loss": 0.0, "x/lr0": 0.00216338, "x/lr1": 0.00216338, "x/lr2": 0.07916338, "_timestamp": 1647830965, "_runtime": 204, "_step": 3, "Mosaics": {"_type": "images/separated", "width": 1920, "height": 864, "format": "jpg", "count": 3, "filenames": ["media/images/Mosaics_1_0.jpg", "media/images/Mosaics_1_1.jpg", "media/images/Mosaics_1_2.jpg"], "captions": ["train_batch0.jpg", "train_batch1.jpg", "train_batch2.jpg"]}, "_wandb": {"runtime": 232}}