{"box_data": [{"position": {"minX": 39.5068244934082, "minY": 86.51539611816406, "maxX": 121.59036254882812, "maxY": 121.13386535644531}, "class_id": 0, "box_caption": "car 0.919", "scores": {"class_score": 0.9185605645179749}, "domain": "pixel"}, {"position": {"minX": 37.76494216918945, "minY": 75.89630126953125, "maxX": 126.19200134277344, "maxY": 131.42807006835938}, "class_id": 0, "box_caption": "car 0.010", "scores": {"class_score": 0.010385267436504364}, "domain": "pixel"}, {"position": {"minX": -52.073211669921875, "minY": 0.8354339599609375, "maxX": 211.84591674804688, "maxY": 221.10464477539062}, "class_id": 0, "box_caption": "car 0.007", "scores": {"class_score": 0.0070213088765740395}, "domain": "pixel"}, {"position": {"minX": 629.4605712890625, "minY": 20.6527156829834, "maxX": 654.782470703125, "maxY": 64.65165710449219}, "class_id": 0, "box_caption": "car 0.002", "scores": {"class_score": 0.002472689375281334}, "domain": "pixel"}], "class_labels": {"0": "car"}}