{"box_data": [{"position": {"minX": 40.09062957763672, "minY": 87.6484375, "maxX": 121.00147247314453, "maxY": 120.87095642089844}, "class_id": 0, "box_caption": "car 0.935", "scores": {"class_score": 0.935369610786438}, "domain": "pixel"}, {"position": {"minX": 38.53578186035156, "minY": 77.41452026367188, "maxX": 125.92068481445312, "maxY": 131.63656616210938}, "class_id": 0, "box_caption": "car 0.006", "scores": {"class_score": 0.005922767799347639}, "domain": "pixel"}, {"position": {"minX": -55.35021209716797, "minY": -7.170204162597656, "maxX": 214.05340576171875, "maxY": 229.52777099609375}, "class_id": 0, "box_caption": "car 0.006", "scores": {"class_score": 0.005811147857457399}, "domain": "pixel"}], "class_labels": {"0": "car"}}